{"bpmPrediction":{"value":152,"confidence":0.3648504518995098},"bpmRangeAdjusted":152,"character":{"bold":0.02532557025551796,"cool":0.1328674554824829,"epic":0.4368171989917755,"ethereal":0.09505840390920639,"heroic":0.15724608302116394,"luxurious":0.03254881128668785,"magical":0.02398873306810856,"mysterious":0.01740950532257557,"playful":0.011083018034696579,"powerful":0.25536754727363586,"retro":0.02853737585246563,"sophisticated":0.035040222108364105,"sparkling":0.36325034499168396,"sparse":0.022714292630553246,"unpolished":0.0770934596657753,"warm":0.4436984062194824},"characterTags":["warm","epic","sparkling"],"emotionalProfile":"positive","emotionalDynamics":"low","energyLevel":"medium","energyDynamics":"low","freeGenreTags":"hard alternative, metalcore","genre":{"ambient":0.0019374844850972295,"blues":0.0030750634614378214,"classical":0.0010037661995738745,"electronicDance":0.014594321139156818,"folkCountry":0.005346678197383881,"funkSoul":0.0017245133640244603,"jazz":0.003130190074443817,"latin":0.0021060609724372625,"metal":0.3871403932571411,"pop":0.1625339835882187,"rapHipHop":0.01118065882474184,"reggae":0.0055336426012218,"rnb":0.003136059734970331,"rock":0.2449335753917694,"singerSongwriter":0.014477347023785114},"genreTags":["metal","rock","pop"],"advancedGenre":{"afro":0.05122232809662819,"ambient":0.0019374844850972295,"arab":0.003564394311979413,"asian":0.005652598571032286,"blues":0.0030750634614378214,"childrenJingle":0.0018974951235577464,"classical":0.0010037661995738745,"electronicDance":0.014594321139156818,"folkCountry":0.005346678197383881,"funkSoul":0.0017245133640244603,"indian":0.0012921696761623025,"jazz":0.003130190074443817,"latin":0.0021060609724372625,"metal":0.3871403932571411,"pop":0.1625339835882187,"rapHipHop":0.01118065882474184,"reggae":0.0055336426012218,"rnb":0.003136059734970331,"rock":0.2449335753917694,"singerSongwriters":0.014477347023785114,"sound":0.0006171760032884777,"soundtrack":0.010704709216952324,"spokenWord":0.0019614894408732653},"advancedGenreTags":["metal"],"instrumentPresence":{"percussion":"throughout","synth":"throughout","piano":"throughout","acousticGuitar":"throughout","electricGuitar":"throughout","strings":"absent","bass":"absent","bassGuitar":"throughout","brassWoodwinds":"absent"},"advancedInstrumentPresence":{"percussion":"throughout","synth":"throughout","piano":"throughout","acousticGuitar":"throughout","electricGuitar":"throughout","strings":"absent","bass":"absent","bassGuitar":"throughout","brass":"absent","woodwinds":"absent"},"advancedInstrumentPresenceExtended":{"acousticGuitar":"throughout","bass":"absent","bassGuitar":"throughout","electricGuitar":"throughout","percussion":"throughout","piano":"throughout","synth":"throughout","strings":"absent","brass":"absent","woodwinds":"absent","tuba":"absent","frenchHorn":"absent","oboe":"absent","mandolin":"absent","cello":"absent","marimba":"absent","vibraphone":"absent","electricPiano":"absent","electricOrgan":"absent","harp":"absent","ukulele":"absent","harpsichord":"absent","churchOrgan":"absent","doubleBass":"absent","glockenspiel":"absent","electronicDrums":"absent","drumKit":"throughout","accordion":"absent","violin":"absent","flute":"absent","sax":"absent","trumpet":"absent","celeste":"absent","pizzicato":"absent","banjo":"absent","clarinet":"absent","bells":"absent","steelDrums":"absent","bongoConga":"absent","africanPercussion":"absent","tabla":"absent","sitar":"absent","taiko":"absent","asianFlute":"absent","asianStrings":"absent","luteOud":"absent"},"instrumentTags":["acousticGuitar","bassGuitar","piano","synth","percussion","electricGuitar"],"advancedInstrumentTags":["acousticGuitar","bassGuitar","piano","synth","percussion","electricGuitar"],"advancedInstrumentTagsExtended":["acousticGuitar","bassGuitar","drumKit","piano","synth","percussion","electricGuitar"],"keyPrediction":{"value":"ebMajor","confidence":0.9895803410073986},"mood":{"aggressive":0.07511088252067566,"calm":0.15386264026165009,"chilled":0.4827459156513214,"dark":0.02692054957151413,"energetic":0.41220444440841675,"epic":0.33115509152412415,"happy":0.5100469589233398,"romantic":0.39129310846328735,"sad":0.122309610247612,"scary":0.009418255649507046,"sexy":0.022978398948907852,"ethereal":0.09727064520120621,"uplifting":0.38162505626678467},"moodTags":["happy","chilled","energetic"],"moodMaxTimes":[],"moodAdvanced":{"anxious":0.007070678286254406,"barren":0.014972667209804058,"cold":0.020162219181656837,"creepy":0.006689186207950115,"dark":0.029493071138858795,"disturbing":0.008628526702523232,"eerie":0.008509163744747639,"evil":0.011310143396258354,"fearful":0.0036283996887505054,"mysterious":0.023812895640730858,"nervous":0.016601616516709328,"restless":0.020218241959810257,"spooky":0.007305469363927841,"strange":0.003919315990060568,"supernatural":0.01141656655818224,"suspenseful":0.005447844043374062,"tense":0.012230946682393551,"weird":0.006485993508249521,"aggressive":0.012828746810555458,"agitated":0.0168693196028471,"angry":0.004020291846245527,"dangerous":0.009588977321982384,"fiery":0.025516005232930183,"intense":0.03203592449426651,"passionate":0.2885999083518982,"ponderous":0.0896463394165039,"violent":0.006246357224881649,"comedic":0.004273912403732538,"eccentric":0.002938514109700918,"funny":0.002101643942296505,"mischievous":0.0023114557843655348,"quirky":0.004135691560804844,"whimsical":0.010308907367289066,"boisterous":0.033003050833940506,"boingy":0.02373567223548889,"bright":0.3546142876148224,"celebratory":0.06748930364847183,"cheerful":0.05287628993391991,"excited":0.09798547625541687,"feelGood":0.1190720796585083,"fun":0.023188278079032898,"happy":0.05538110062479973,"joyous":0.04994850978255272,"lighthearted":0.027059951797127724,"perky":0.048216287046670914,"playful":0.015652915462851524,"rollicking":0.02093016356229782,"upbeat":0.23193076252937317,"calm":0.06979469209909439,"contented":0.1059606522321701,"dreamy":0.16513173282146454,"introspective":0.07689625024795532,"laidBack":0.03818616643548012,"leisurely":0.24472053349018097,"lyrical":0.07752151787281036,"peaceful":0.05937522277235985,"quiet":0.03143078088760376,"relaxed":0.091842882335186,"serene":0.08628389239311218,"soothing":0.04613406956195831,"spiritual":0.02311406470835209,"tranquil":0.03480351343750954,"bittersweet":0.26614123582839966,"blue":0.053773391991853714,"depressing":0.06840701401233673,"gloomy":0.03558500111103058,"heavy":0.035816725343465805,"lonely":0.09381578862667084,"melancholic":0.16237445175647736,"mournful":0.05457503721117973,"poignant":0.20167483389377594,"sad":0.17854061722755432,"frightening":0.0037450201343744993,"horror":0.002426677383482456,"menacing":0.008236936293542385,"nightmarish":0.0011298508616164327,"ominous":0.012117968872189522,"panicStricken":0.0012474737595766783,"scary":0.002460003597661853,"concerned":0.059116195887327194,"determined":0.1628933697938919,"dignified":0.07346106320619583,"emotional":0.5108157992362976,"noble":0.05036545172333717,"serious":0.192271426320076,"solemn":0.09444187581539154,"thoughtful":0.10436872392892838,"cool":0.030798284336924553,"seductive":0.031200334429740906,"sexy":0.033227816224098206,"adventurous":0.03907886520028114,"confident":0.3485760986804962,"courageous":0.06469431519508362,"resolute":0.17977893352508545,"energetic":0.11809488385915756,"epic":0.1936623454093933,"exciting":0.0657779723405838,"exhilarating":0.11826259642839432,"heroic":0.04512086138129234,"majestic":0.04684988781809807,"powerful":0.19881372153759003,"prestigious":0.03465984761714935,"relentless":0.030011093243956566,"strong":0.2802576720714569,"triumphant":0.08792287111282349,"victorious":0.06874170899391174,"delicate":0.052750393748283386,"graceful":0.07073118537664413,"hopeful":0.38575664162635803,"innocent":0.04812781512737274,"intimate":0.13962623476982117,"kind":0.04790499806404114,"light":0.08904597163200378,"loving":0.32342007756233215,"nostalgic":0.3597312867641449,"reflective":0.39592108130455017,